Phone,Url,Price
YoungRich Back Cover Case for iPhone SE/iPhone 5s / iPhone 5 Backcover 3 in 1 360 Degree Full Body Protection Slim Hard PC Case Shockproof Ultra-Thin Case and Covers - Black,/YoungRich-Protection-PC-Shockproof-Ultra-Thin/dp/B07KLSH3JG/ref=sr_1_99?keywords=iphone&qid=1560243411&s=gateway&sr=8-99,499
Apple iPhone 7 Plus (32GB) - Black,/Apple-iPhone-Plus-Black-32GB/dp/B01LZKSTJB/ref=sr_1_100?keywords=iphone&qid=1560243411&s=gateway&smid=A14CZOWI0VEHLG&sr=8-100,"48,999"
Casebreed iPhone X Case Soft Silicon Scrub Matte Finish with Anti Dust Plugs All Sides Protection Back Case Cover for iPhone X - Blue,/Casebreed-iPhone-Silicon-Finish-Protection/dp/B07RBN5S63/ref=sr_1_101?keywords=iphone&qid=1560243411&s=gateway&sr=8-101,299
Apple iPhone Xs Max (64GB) - Space Grey,/Apple-iPhone-Xs-Max-64GB/dp/B07J317TRK/ref=sr_1_102?keywords=iphone&qid=1560243411&s=gateway&smid=A14CZOWI0VEHLG&sr=8-102,"1,04,900"
Jkobi Silicon Flexible Protective Shockproof Corner Back Case Cover For Apple iPhone 7 -Transparent,/Jkobi-Protective-Apple-iPhone-Transparent/dp/B07MMW61TC/ref=sr_1_103?keywords=iphone&qid=1560243411&s=gateway&sr=8-103,147
"BOKA® Car Phone Mount Holder, Car Cell Phone Holder for Dashboard Windshield with Sticky Pad, Easy Button Release, Extendable Arm Fit for iPhone Samsung Galaxy Google LG (2.36""-3.74"" Width)",/Dashboard-Windshield-Release-Extendable-Samsung/dp/B07STD43BP/ref=sr_1_104?keywords=iphone&qid=1560243411&s=gateway&sr=8-104,399
Cubix Back Cover for Apple iPhone Xs MAX (6.5 Inch) Robot Series Back Cover Case Scratch Free Slim Hybrid Defender Bumper Shock Proof Case Cover with Kick Stand (Black),/iPhone-Scratch-Hybrid-Defender-Bumper/dp/B07SGL8TTC/ref=sr_1_105?keywords=iphone&qid=1560243411&s=gateway&sr=8-105,699
"Roxel Apple iPhone XR (Coral, 64 GB) Case Tempered Glass Back Soft TPU Bumper Anti-Scratch Shockproof Drop Protection Pure Color Slim Fit Cover for Apple iPhone XR, Black",/iPhone-XR-Glass-Back-Anti-Scratch/dp/B07RM4P69N/ref=sr_1_106?keywords=iphone&qid=1560243411&s=gateway&sr=8-106,249
Egotude Series Dual Layer Hard Back Rubberized Matte Semi Transparent Bumper Cover Case for iPhone XR (Black),/Egotude-Rubberized-Transparent-Bumper-iPhone/dp/B07MW3M7RY/ref=sr_1_107?keywords=iphone&qid=1560243411&s=gateway&sr=8-107,699
Egotude Shock Proof Clear Transparent Hard Back Hybrid Soft Bumper Anti Scratch Cover Cases for iPhone XR (Gradient Black & Blue),/Egotude-Transparent-Hybrid-Scratch-Gradient/dp/B07QLN135L/ref=sr_1_108?keywords=iphone&qid=1560243411&s=gateway&sr=8-108,399
Loxxo® Presents Case for Apple iPhone X/10 Gradient Glitter Skin Soft Silicone Slim Back Cover Case for Apple iPhone X/10 (Black Electroplate Glitter),/Presents-Gradient-Glitter-Silicone-Electroplate/dp/B07RNZV8CP/ref=sr_1_109?keywords=iphone&qid=1560243411&s=gateway&sr=8-109,449
Delight Seller Brushed Rugged Armor | Flexible Shockproof Carbon Fiber TPU Back Case Cover for I Phone 5/5s - Black,/Delight-Brushed-Flexible-Shockproof-Phone/dp/B07PW8RSH1/ref=sr_1_110?keywords=iphone&qid=1560243411&s=gateway&sr=8-110,249
4d 2.4A Fast Data Sync Charging 90 Degree Right Angle Charger Cable Compatible for iPhone Chargers,/Charging-Degree-Charger-Compatible-Chargers/dp/B07SFXR8RD/ref=sr_1_111?keywords=iphone&qid=1560243411&s=gateway&sr=8-111,499
Bracevor Leather Case Flip Cover | Foldable Stand | Wallet Card Slots for Apple iPhone 7 Plus 5.5 inch - Executive Brown,/Bracevor-iPhone-Premium-Leather-Foldable/dp/B01M1S1080/ref=sr_1_112?keywords=iphone&qid=1560243411&s=gateway&smid=A3RNDHBOZTMKZQ&sr=8-112,499
AmazonBasics Nylon Braided USB A to Lightning Compatible Cable - Apple MFi Certified - Dark Grey (3 Feet/0.9 Meter),/AmazonBasics-Nylon-Braided-Lightning-Compatible/dp/B01F9RGJJO/ref=sr_1_113?keywords=iphone&qid=1560243411&s=gateway&sr=8-113,799
A rtistque Luxurious Marble Pattern Bling Shell Back Glass Case Cover with Soft TPU Bumper and Hybrid Technology for Apple iPhone Xs Max - White,/rtistque-Luxurious-Marble-Pattern-Technology/dp/B07S5ZL619/ref=sr_1_114?keywords=iphone&qid=1560243411&s=gateway&sr=8-114,599
Bracevor Leather Case Flip Cover | Foldable Stand | Wallet Card Slots for Apple iPhone 7 Plus 5.5 inch - Executive Brown,/Bracevor-iPhone-Premium-Leather-Foldable/dp/B01M1S1080/ref=sr_1_115?keywords=iphone&qid=1560243952&s=gateway&smid=A3RNDHBOZTMKZQ&sr=8-115,499
PickNGrab® Apple iPhone 6 6s Hammer Proof Tempered Screen Protector Guard Glass (Impossible Guard),/PickNGrab%C2%AE-iPhone-Tempered-Protector-Impossible/dp/B07J5Q6QCD/ref=sr_1_116?keywords=iphone&qid=1560243952&s=gateway&sr=8-116,69
Apple iPhone 8 (256GB) - Gold,/Apple-iPhone-8-Gold-256GB/dp/B071P3764Z/ref=sr_1_117?keywords=iphone&qid=1560243952&s=gateway&sr=8-117,"66,659"
Shopfic USB Cable with Fast Charging Adapter Compatible with iPhone 5/ 5S/ SE/ 6/ 6S/ 7/7 Plus/ 8/8 Plus (CHARGAR+Cabel),/Shopfic-Charging-Adapter-Compatible-CHARGAR/dp/B07M8CT5VC/ref=sr_1_118?keywords=iphone&qid=1560243952&s=gateway&sr=8-118,599
"Loxxo® iPhone XR Cover Wireless Charging Support, Liquid Silicone Gel Rubber Shockproof Case Candy Phone Cases for Apple iPhone XR (Electroplate RED)",/XR-Wireless-Charging-Shockproof-Electroplate/dp/B07KR3LDCM/ref=sr_1_119?keywords=iphone&qid=1560243952&s=gateway&sr=8-119,489
Storme AVO Smart Cable for iPhone with in-Built Pen Drive (16 GB),/Storme-Smart-Cable-iPhone-Built/dp/B07S9KG75Z/ref=sr_1_120?keywords=iphone&qid=1560243952&s=gateway&sr=8-120,599
JGDWORLD Edge to Edge Full Screen Coverage with HD Clearance Premium Quality tempered Glass for Iphone X/Xs,/JGDWORLD-Coverage-Clearance-Premium-tempered/dp/B07S84Z5D5/ref=sr_1_121?keywords=iphone&qid=1560243952&s=gateway&sr=8-121,199
USAMS Ballistic Nylon Braided 1.2 Meter Lightning to USB Cable - 2.4A Fast Charging with LED Charge Indicator - MFI Certified for iPhone Xs/XR/X/8/7/6S/iPad Air/iPad Mini & More (Black),/USAMS-Ballistic-Nylon-Braided-Lightning/dp/B07N8D1HHB/ref=sr_1_122?keywords=iphone&qid=1560243952&s=gateway&sr=8-122,599
Apple iPhone Xs Max (64GB) - Silver,/Apple-iPhone-Xs-Max-64GB/dp/B07J2Z88Z9/ref=sr_1_123?keywords=iphone&qid=1560243952&s=gateway&smid=A14CZOWI0VEHLG&sr=8-123,"1,04,900"
"Loxxo® iPhone XR Case Cover, Liquid Silicone Phone Case with Free Screen Protector Gel Rubber Shockproof Cover Full Protective Case for Apple iPhone XR",/XR-Silicone-Protector-Shockproof-Protective/dp/B07RNWJ4JL/ref=sr_1_124?keywords=iphone&qid=1560243952&s=gateway&sr=8-124,379
"Roxel Clear Slim Fit Soft TPU Cover with Electroplated Bumper Ultra Thin Case Compatible with Apple iPhone Xs Max (Gold, 64 GB) with-Royal Black Edges",/Roxel-Electroplated-Bumper-Compatible-Max/dp/B07QP9YYN5/ref=sr_1_125?keywords=iphone&qid=1560243952&s=gateway&sr=8-125,249
"CASEBREED iPhone Xs Max Case, [Ultra-Thin] Shockproof Hard-Back Black Silicone Bumper Case Cover for iPhone Xs Max - Black",/CASEBREED-Max-Ultra-Thin-Shockproof-Hard-Back/dp/B07RWC6H82/ref=sr_1_126?keywords=iphone&qid=1560243952&s=gateway&sr=8-126,399
"REALIKE Special Design iPhone XR Case, Full Shockproof Anti Scratch Hard PC Back Cover for iPhone XR",/REALIKE%C2%AE-Specially-XR-Protection-Transparent/dp/B07HVYM2Z5/ref=sr_1_127?keywords=iphone&qid=1560243952&s=gateway&sr=8-127,599
TecKraft Full Body Protection Back Case for Apple iPhone XR (360 Black),/TecKraft-Protection-Apple-iPhone-Black/dp/B07RHFLF7N/ref=sr_1_128?keywords=iphone&qid=1560243952&s=gateway&sr=8-128,299
"ikazen Vorson LEXZA Series Double Stitch Leather Shell Back Cover for Apple iPhone 5S, 5 SE - Black",/ikazen-Vorson-Double-Stitch-Leather/dp/B07QXS526G/ref=sr_1_129?keywords=iphone&qid=1560243952&s=gateway&sr=8-129,485
"OJOS Case Compatible with iPhone X/Xs Case, Hybrid Heavy Duty Shock Absorbing Cover with Metal Ring Kickstand Dual Layer TPU + PC Anti-Scratch Non-Slip Rugged Armor Case for iPhone Xs -Black",/OJOS-Compatible-Absorbing-Kickstand-Anti-Scratch/dp/B07RDB9S76/ref=sr_1_130?keywords=iphone&qid=1560243952&s=gateway&sr=8-130,"1,799"
"FOONEE Automatic Clamping Wireless Car Charger Mount, Car 10W Fast Charger Holder for iPhone XR XS Max X 8 8 Plus, Samsung, All Infrared Motion Sensor Automatic Open Clamp",/FOONEE-Automatic-Clamping-Wireless-Infrared/dp/B07NZ689NR/ref=sr_1_131?keywords=iphone&qid=1560243962&s=gateway&sr=8-131,"1,160"
"CASEBREED iPhone Xs Max Case, [Ultra-Thin] Shockproof Hard-Back Black Silicone Bumper Case Cover for iPhone Xs Max - Black",/CASEBREED-Max-Ultra-Thin-Shockproof-Hard-Back/dp/B07RWC6H82/ref=sr_1_132?keywords=iphone&qid=1560243962&s=gateway&sr=8-132,399
"REALIKE Special Design iPhone XR Case, Full Shockproof Anti Scratch Hard PC Back Cover for iPhone XR",/REALIKE%C2%AE-Specially-XR-Protection-Transparent/dp/B07HVYM2Z5/ref=sr_1_133?keywords=iphone&qid=1560243962&s=gateway&sr=8-133,599
TecKraft Full Body Protection Back Case for Apple iPhone XR (360 Black),/TecKraft-Protection-Apple-iPhone-Black/dp/B07RHFLF7N/ref=sr_1_134?keywords=iphone&qid=1560243962&s=gateway&sr=8-134,299
"OJOS Case Compatible with iPhone X/Xs Case, Hybrid Heavy Duty Shock Absorbing Cover with Metal Ring Kickstand Dual Layer TPU + PC Anti-Scratch Non-Slip Rugged Armor Case for iPhone Xs -Black",/OJOS-Compatible-Absorbing-Kickstand-Anti-Scratch/dp/B07RDB9S76/ref=sr_1_135?keywords=iphone&qid=1560243962&s=gateway&sr=8-135,"1,799"
Amozo® - Deer Series - Soft Smooth Fabric Hybrid Protective with Anti Slip Grip Back Case Cover for Apple iPhone X/iPhone Xs,/Amozo%C2%AE-Smooth-Fabric-Hybrid-Protective/dp/B07Q31WS2M/ref=sr_1_136?keywords=iphone&qid=1560243962&s=gateway&sr=8-136,499
"Ron *3-in-1 Dual Layer Thin Back Cover Case for Apple iPhone 6/6S"" (Rosegold)",/Ron-Layer-Cover-iPhone-Rosegold/dp/B073B16232/ref=sr_1_137?keywords=iphone&qid=1560243962&s=gateway&sr=8-137,299
"Frazil Anti Blue Ray Tempered Glass, Screen Protector Blue Light Resistant Eyes Protect Film for Apple iPhone 7 Plus/8 Plus",/Frazil-Tempered-Protector-Resistant-Protect/dp/B07QXP4Q6Y/ref=sr_1_138?keywords=iphone&qid=1560243962&s=gateway&sr=8-138,299
"Apple iPhone 8 Plus (Red, 64GB)",/Apple-iPhone-Plus-Red-64GB/dp/B07CGFMGJQ/ref=sr_1_139?keywords=iphone&qid=1560243962&s=gateway&smid=A14CZOWI0VEHLG&sr=8-139,"65,999"
Mobilify's 360 Degree with Anti Dust Plugs Shockproof Slim Back Case Cover for Apple iPhone 7 (4.7-inch Display) - Pitch Black with Matte Finish (Black),/Mobilifys-Degree-Shockproof-4-7-inch-display/dp/B072DSYBBS/ref=sr_1_140?keywords=iphone&qid=1560243962&s=gateway&sr=8-140,299
JGDWORLD 0.33 MM HD crystal Clear 11D full glue edge to edge Tempered glass Screen protector for Iphone X/Xs,/JGDWORLD-crystal-Tempered-Screen-protector/dp/B07RKMZVP1/ref=sr_1_141?keywords=iphone&qid=1560243962&s=gateway&sr=8-141,149
"Tingtong Anti Blue Ray Tempered Glass, Screen Protector Blue Light Resistant Eyes Protect Film for Apple iPhone XR",/Tingtong-Tempered-Protector-Resistant-Protect/dp/B07NZBG15B/ref=sr_1_142?keywords=iphone&qid=1560243962&s=gateway&sr=8-142,299
Egotude Shock Proof Crystal Clear Hard Back Hybrid Soft Bumper Anti Scratch Cover Case for iPhone XR (Transparent),/Egotude-Crystal-Hybrid-Scratch-Transparent/dp/B07QMN7DG7/ref=sr_1_143?keywords=iphone&qid=1560243962&s=gateway&sr=8-143,399
Egotude Shock Proof Hard Back Cover Case for Apple iPhone SE & iPhone 5S (Transparent),/Egotude-Shock-proof-iPhone-Transparent/dp/B01MG3KVA4/ref=sr_1_144?keywords=iphone&qid=1560243962&s=gateway&sr=8-144,299
Bracevor Leather Case Flip Cover | Foldable Stand | Wallet Card Slots for Apple iPhone 7 4.7 inch - Executive Brown,/Bracevor-iPhone-Premium-Leather-Foldable/dp/B01LX9HR7P/ref=sr_1_145?keywords=iphone&qid=1560243962&s=gateway&smid=A3RNDHBOZTMKZQ&sr=8-145,499
"Rode SmartLavPlus Lavalier Microphone for iPhone and Smartphones, Black",/Rode-SmartLavPlus-Lavalier-Microphone-Smartphones/dp/B00EO4A7L0/ref=sr_1_146?keywords=iphone&qid=1560243962&s=gateway&sr=8-146,"5,499"
Apple 5W USB Power Adapter (for iPhone),/Apple-Original-ML8M2HN-Power-Adapter/dp/B01BGGZHF4/ref=sr_1_147?keywords=iphone&qid=1560243966&s=gateway&sr=8-147,"1,599"
TICTOC M2 Fit Band Compatible with Android iOS iPhone,/TICTOC-Band-Compatible-Android-iPhone/dp/B07FV3FLT4/ref=sr_1_148?keywords=iphone&qid=1560243966&s=gateway&sr=8-148,499
"CASEBREED iPhone Xs Max Case, Hybrid Soft Grip Matte Finish Clear Back Panel Ultra-Thin [Slim Thin Fit] Shock Absorption Cover for iPhone Xs Max with [Blue Edge]",/CASEBREED-iPhone-Max-Ultra-Thin-Absorption/dp/B07RWCMXX6/ref=sr_1_149?keywords=iphone&qid=1560243966&s=gateway&sr=8-149,499
Storme AVO Smart Cable for iPhone with in-Built Pen Drive (16 GB),/Storme-Smart-Cable-iPhone-Built/dp/B07S9KG75Z/ref=sr_1_150?keywords=iphone&qid=1560243966&s=gateway&sr=8-150,599
Egotude Shock Proof Hard Back Soft Bumper Anti Scratch Cover Case for iPhone X & iPhone Xs (Clear Transparent),/Egotude-Bumper-Scratch-iPhone-Transparent/dp/B078C7R9QV/ref=sr_1_151?keywords=iphone&qid=1560243966&s=gateway&sr=8-151,399
YoungRich Back Cover Case for iPhone 6s / iPhone 6 Backcover 3 in 1 360 Degree Full Body Protection Slim Hard PC Case Shockproof Ultra-Thin Case and Covers - Black,/YoungRich-Protection-PC-Shockproof-Ultra-Thin/dp/B07KLLN2X4/ref=sr_1_152?keywords=iphone&qid=1560243966&s=gateway&sr=8-152,499
Official Merchandise CelfiDesign Classic Case - Champion AB Quotes for Apple iPhone X,/Official-Merchandise-CelfiDesign-Classic-Case/dp/B07K3YH9K3/ref=sr_1_153?keywords=iphone&qid=1560243966&s=gateway&sr=8-153,499
Loxxo® Presents Case for Apple iPhone X/10 Gradient Glitter Skin Soft Silicone Slim Back Cover Case for Apple iPhone X/10 (Pink Glitter),/Loxxo%C2%AE-Presents-Gradient-Glitter-Silicone/dp/B07RMYPS4G/ref=sr_1_154?keywords=iphone&qid=1560243966&s=gateway&sr=8-154,299
"FebZu Headphones/Earphones with Mic for iPhone, Apple, iPhone 4 / 4s / 5 / 5s / 6 / 6s iPad with 3.5mm Jack with Volume Button and Mic",/FebZu-Headphones-Earphones-iPhone-Button/dp/B07RT2BC13/ref=sr_1_155?keywords=iphone&qid=1560243966&s=gateway&sr=8-155,165
"CRodible Apple iPhone XR (Yellow, 64 GB) Case Tempered Glass Back Soft TPU Bumper Anti-Scratch Shockproof Drop Protection Pure Color Slim Fit Cover for iPhone XR, White",/CRodible-iPhone-XR-Glass-Anti-Scratch/dp/B07SGZX3TS/ref=sr_1_156?keywords=iphone&qid=1560243966&s=gateway&sr=8-156,249
Loxxo® iPhone XR Back Cover Floral Henna Sparkly Sexy Lace Flower Two Layer Design Case Cover for Apple iPhone XR,/Loxxo%C2%AE-iPhone-Floral-Sparkly-Flower/dp/B07SPRKHLS/ref=sr_1_157?keywords=iphone&qid=1560243966&s=gateway&sr=8-157,399
Apple iPhone Xs (64GB) - Gold,/Apple-iPhone-Xs-64GB-Gold/dp/B07J316BT2/ref=sr_1_158?keywords=iphone&qid=1560243966&s=gateway&smid=A14CZOWI0VEHLG&sr=8-158,"94,900"
"iPhone Glass Covers (iPhone 7, Black)",/m7-Glass-Covers-iPhone-Black/dp/B07DCP7F6C/ref=sr_1_159?keywords=iphone&qid=1560243966&s=gateway&sr=8-159,399
JGDWORLD (Pack of 2) 2.5D Clear HD Tempered Glass Screen Protector For Iphone 6/6S Full Screen Coverage (Except Edges) With Easy Installation Kit,/JGDWORLD-Tempered-Protector-Coverage-Installation/dp/B07RPGY3PD/ref=sr_1_160?keywords=iphone&qid=1560243966&s=gateway&sr=8-160,149
CASEBREED iPhone Xs Max Case Full Protection Edge Carbon Fiber Skin + Silicone TPU Material Soft Back Case Cover for iPhone Xs Max - Black,/CASEBREED-Max-Protection-Silicone-Material/dp/B07QZL6F14/ref=sr_1_161?keywords=iphone&qid=1560243966&s=gateway&sr=8-161,399
V CAN™ Fast Charging Power Adapter 5W for All iPhone Mobile's & iOS Devices - - (White),/Charging-Adapter-iPhone-Mobiles-Devices/dp/B07S7284F8/ref=sr_1_162?keywords=iphone&qid=1560243966&s=gateway&sr=8-162,499
Amozo Shockproof Ultra Thin Transparent Back Case with Soft Silicon Sides - Back Cover Case for Apple iPhone 6 / 6S (Autofocus Black),/Amozo-Shockproof-Ultra-Transparent-Silicon/dp/B07H6V9D15/ref=sr_1_163?keywords=iphone&qid=1560243971&s=gateway&sr=8-163,285
V CAN™ Fast Charging Power Adapter 5W for All iPhone Mobile's & iOS Devices - - (White),/Charging-Adapter-iPhone-Mobiles-Devices/dp/B07S7284F8/ref=sr_1_164?keywords=iphone&qid=1560243971&s=gateway&sr=8-164,499
"Apple iPhone 7 Plus (Black, 128GB)",/Apple-iPhone-Plus-Black-128GB/dp/B01LWNBCGM/ref=sr_1_165?keywords=iphone&qid=1560243971&s=gateway&sr=8-165,"59,900"
"ZEN MASTER for iPhone XR 6.1, Slim Fit[Anti-Fingerprint] TPU Shock Absorption Carbon Fiber Pattern Anti-Scratches Flexible Protective Cases Cover for Apple iPhone XR 6.1 Inch (XR 6.1, Black)",/Anti-Fingerprint-Absorption-Anti-Scratches-Flexible-Protective/dp/B07NKNS19V/ref=sr_1_166?keywords=iphone&qid=1560243971&s=gateway&sr=8-166,499
"Belkin MIXIT DuraTek Lightning to USB Cable - MFi-Certified iPhone Charging Cable, 4 Feet (Black)",/Belkin-Duratek-Unbreakable-Kevlar-Lightning/dp/B01M3N0YDM/ref=sr_1_167?keywords=iphone&qid=1560243971&s=gateway&sr=8-167,"1,899"
"Honor View20 (Blue, 6GB RAM, 128GB Storage)",/Test-Exclusive-736/dp/B07DJ8K2YQ/ref=sr_1_168?keywords=iphone&qid=1560243971&s=gateway&sr=8-168,"35,999"
AJM 0.26MM Matte Finish Anti Fingerprint HD Electroplated Screen Protector for Apple iPhone Xs,/AJM-Fingerprint-Electroplated-Protector-Apple/dp/B07RC93TGG/ref=sr_1_169?keywords=iphone&qid=1560243971&s=gateway&sr=8-169,219
Amozo® Soft Silicone with Anti Dust Plugs Shockproof Slim Back Cover Case for Apple iPhone 6 / iPhone 6S - Black,/Amozo-Soft-Silicone-Shockproof-iPhone/dp/B01NCV0VYY/ref=sr_1_170?keywords=iphone&qid=1560243971&s=gateway&sr=8-170,149
ShiningZon Silicon Flexible Protective Shockproof Corner Back Case Cover for Apple iPhone 6 Plus / 6Plus- Transparent,/ShiningZon-Apple-iPhone-Plus-Transparent/dp/B07M5THZB8/ref=sr_1_171?keywords=iphone&qid=1560243971&s=gateway&sr=8-171,149
"REALIKE Special Design iPhone Xs Case, Full Shockproof Anti Scratch Hard PC Back Cover for Apple iPhone Xs/iPhone X",/REALIKE%C2%AE-Specially-Designed-Protection-Transparent/dp/B07HVZ15S8/ref=sr_1_172?keywords=iphone&qid=1560243971&s=gateway&sr=8-172,599
CROMBIE Auto Focus Shock Proof Leathers Pattern Armor Soft Back Cover Compatible with iPhone 6/6S (Black),/Crombie-Focus-Leather-Pattern-iPhone/dp/B07GQWB55F/ref=sr_1_173?keywords=iphone&qid=1560243971&s=gateway&sr=8-173,149
"Ron *3-in-1 Dual Layer Thin Back Cover Case for Apple iPhone 6/6S"" (Silver)",/Ron-Layer-Plastic-iPhone-Silver/dp/B073B33KJF/ref=sr_1_174?keywords=iphone&qid=1560243971&s=gateway&sr=8-174,299
Accessories Innovator Soft Silicon Logo Cut Back Cover Case with Anti Dust Plugs for iPhone 6/6S (Blue),/Accessories-Innovator-Silicon-Cover-iPhone/dp/B07K4DNGX7/ref=sr_1_175?keywords=iphone&qid=1560243971&s=gateway&sr=8-175,249
YCNEX™ Wired in-Ear Headphone with 3.5mm Jack & Mic Compatible for All iPhone's/iOS & Android Devices,/YCNEXTM-Headphone-Compatible-iPhones-Android/dp/B07RJR3H2S/ref=sr_1_176?keywords=iphone&qid=1560243971&s=gateway&sr=8-176,399
Tolv Aux Cord 3.5mm Male Aux Cord Audio Adapter Cable to Car/Home Stereo or Headphone for iPhone x/8/7/plus/6/6s/xs/xr/xs max (Only for Music Voice Call is not Supportable),/Adapter-Stereo-Headphone-iPhone-Supportable/dp/B07RZR3R8C/ref=sr_1_177?keywords=iphone&qid=1560243971&s=gateway&sr=8-177,499
"OMOTON 3D Touch 0.26mm Tempered Glass Screen Protector for Apple iPhone XS/X with Guide Frame (Clear, 2 Packs)",/OMOTON-Tempered-Screen-Protector-iPhone/dp/B078PBPFQD/ref=sr_1_178?keywords=iphone&qid=1560243971&s=gateway&sr=8-178,449
"OMOTON 3D Touch 0.26mm Tempered Glass Screen Protector for Apple iPhone XS/X with Guide Frame (Clear, 2 Packs)",/OMOTON-Tempered-Screen-Protector-iPhone/dp/B078PBPFQD/ref=sr_1_179?keywords=iphone&qid=1560243975&s=gateway&sr=8-179,449
"Dust Plug- Earphone Jack Accessories Cutely Winnie the Pooh 2 Dust Plug Set / Cell Charms / Ear Jack for Iphone 5/5s /5c / Ipad / Ipod Touch / Other 3.5mm Ear Jack (2 Dust Plug)-------Free Shipping from New York ,Takes about 2 - 6 working days for delivery--2pcs",/Earphone-Accessories-Cutely-Free-Shipping/dp/B00F9OO8B4/ref=sr_1_180?keywords=iphone&qid=1560243975&s=gateway&sr=8-180,225
Jump Start for iPhone XR Case 2-in-1 Soft Silicon TPU with 9H High-Hardness Toughend Tempered Glass Luxurious Back Case Cover Bumper Protective Cover for Apple iPhone XR (Gloss Black),/XR-High-Hardness-Toughend-Luxurious-Protective/dp/B07PJ8CK2W/ref=sr_1_181?keywords=iphone&qid=1560243975&s=gateway&sr=8-181,379
"Tingtong Full Glue, Full Coverage Edge-to-Edge 5D/6D/11D Tempered Glass Screen Protector for Apple iPhone XR (Black)",/Tingtong-Coverage-Tempered-Screen-Protector/dp/B07PWD9PM1/ref=sr_1_182?keywords=iphone&qid=1560243975&s=gateway&sr=8-182,299
"REALIKE Special Design iPhone Xs Max Case, Full Shockproof Anti Scratch Hard PC Back Cover for iPhone Xs Max",/REALIKE%C2%AE-Specially-Designed-Protection-Transparent/dp/B07HW28XWH/ref=sr_1_183?keywords=iphone&qid=1560243975&s=gateway&sr=8-183,599
POPIO Tempered Glass for Apple iPhone 6 / iPhone 6S / iPhone 7 / iPhone 8 (Transparent)-Full Screen Coverage (Except Edges) with easy installation kit,/POPIO-Glass-iPhone-Transparent-installation/dp/B07PZWQSY8/ref=sr_1_184?keywords=iphone&qid=1560243975&s=gateway&sr=8-184,139
"FASHIONISTA Full Glue iPhone Xs Full Coverage 5D Tempered Glass, Full Edge-to-Edge 5D Screen Protector -Black (Pack of 1)",/FASHIONISTA-iPhone-Coverage-Tempered-Protector/dp/B07HY43N3V/ref=sr_1_185?keywords=iphone&qid=1560243975&s=gateway&sr=8-185,299
JGDWORLD (Pack of 2) 2.5D Clear HD Tempered Glass Screen Protector For Iphone 8 Full Screen Coverage (Except Edges) With Easy Installation Kit,/JGDWORLD-Tempered-Protector-Coverage-Installation/dp/B07RTPJSZ5/ref=sr_1_186?keywords=iphone&qid=1560243975&s=gateway&sr=8-186,149
Amozo Soft TPU Case (with Anti Dust Plug) Flexible Back Case Cover for iPhone XR - Black,/Amozo-Soft-Flexible-Cover-iPhone/dp/B07RJQDQ2P/ref=sr_1_187?keywords=iphone&qid=1560243975&s=gateway&sr=8-187,249
"Stuffcool iPhone Xs/iPhone X Case, Spike Tough with Dual Layer Protection Shockproof Anti-Scratch Resistant Back Cover for Apple iPhone Xs/X (5.8 Inch) – Mint",/Stuffcool-iPhone-Protection-Anti-Scratch-Apple/dp/B07RSYMSHG/ref=sr_1_188?keywords=iphone&qid=1560243975&s=gateway&sr=8-188,599
Apple iPhone 8 Plus (256GB) - Silver,/Apple-iPhone-Plus-Silver-256GB/dp/B071P37651/ref=sr_1_189?keywords=iphone&qid=1560243975&s=gateway&smid=A14CZOWI0VEHLG&sr=8-189,"74,999"
NishTech NEW Technology Full Glue Edge to Edge Tempered Glass Screen Protector with Installation Kit for Iphone X/Xs,/NishTech-Technology-Tempered-Protector-Installation/dp/B07RWF5KKW/ref=sr_1_190?keywords=iphone&qid=1560243975&s=gateway&sr=8-190,149
Tolv ™ Wired in-Ear Headphone with 3.5mm Jack & Mic for iPhone & Android Devices,/Wired-Headphone-iPhone-Android-Devices/dp/B07QTZRKHH/ref=sr_1_191?keywords=iphone&qid=1560243975&s=gateway&sr=8-191,499
WOW Imagine(TM) Shock Proof Back Case Cover for Apple iPhone 8 Plus/iPhone 7 Plus (5.5 inch Screen) - Deep Blue,/WOW-Imagine-Premium-iPhone-screen/dp/B072LYVNX2/ref=sr_1_192?keywords=iphone&qid=1560243975&s=gateway&sr=8-192,229
NishTech NEW Technology Full Glue Edge to Edge Tempered Glass Screen Protector with Installation Kit for Iphone XR,/NishTech-Technology-Tempered-Protector-Installation/dp/B07RVD57XK/ref=sr_1_193?keywords=iphone&qid=1560243975&s=gateway&sr=8-193,149
"Tingtong Full Glue, Full Coverage Edge-to-Edge 5D Tempered Glass Screen Protector for Apple iPhone 7+ Plus/8+ Plus (White)",/Tingtong-Coverage-Tempered-Screen-Protector/dp/B07RVMPMNP/ref=sr_1_194?keywords=iphone&qid=1560243975&s=gateway&sr=8-194,299
"Honor View20 (Blue, 6GB RAM, 128GB Storage)",/Test-Exclusive-736/dp/B07DJ8K2YQ/ref=sr_1_195?keywords=iphone&qid=1560243979&s=gateway&sr=8-195,"35,999"
"Test iPhone_test4 (Black, 2GBRAM, 4GB Storage)",/Test-iPhone_test4-Black-2GBRAM-Storage/dp/B07PBJP6CG/ref=sr_1_196?keywords=iphone&qid=1560243979&s=gateway&sr=8-196,"1,968"
"ikazen Vorson LEXZA Series Double Stitch Leather Shell Back Cover for Apple iPhone 5S, 5 SE - Brown",/ikazen-Vorson-Double-Stitch-Leather/dp/B07KR1B233/ref=sr_1_197?keywords=iphone&qid=1560243979&s=gateway&sr=8-197,485
Mobilify’s 360 Degree Anti Dust Plugs Shockproof Matte Slim Back Case Cover for iPhone 6 Plus / 6S Plus (Pitch Black),/Mobilifys-Degree-Plugs-Shockproof-iPhone/dp/B07F9XYMSV/ref=sr_1_198?keywords=iphone&qid=1560243979&s=gateway&sr=8-198,249
